issue_id,commit_id
2876,443e91a5459e8d7f23e0fa6e48e2b5673d77c76a
2865,1d85500c99dba1ff4a9fae3675c766f310ed1caf
2847,636c7667e60a14cc18f4735958fd766922486ae6
2829,fdea0ce19381d096d9f6fee152813b789eb47bb6
2723,40ad7f9dc3b0d012991253c3d65f695c7de6c2d8
2735,3633d126d4943e2e023ba02eab10b8a628552b4b
2744,70083fa393cef91c2a802d8b4ba94669fd9bd92d
2764,3babc5327ba662c3e1180e9571e55e0ab6bb27d3
2773,e92e385609f21afb32424569abfa9e592cb797df
2759,8ced49dd3522f376d6a2f5f8b6bb3476d5d72e16
2748,76d93918ddcf0b5f2b872fb4af1d824be9fb8863
2718,b3572b7601e16efa34d10bcfcadfe3b887c3dc05
2658,6572e9a20ce754f1c50218ed7f198640581c5f38
2611,6c3154e33d5cf50a2504149e63b7051e6d30134b
2612,f63e4302cffd4c4502b527021655902a213cfd0c
2558,9c8b14bd4ada53e1df4bfbee1bd1f9b31fbf1fb1
2596,f5ce27f22762cb706ec164a15829510ee55d5cba
2488,84541241f7f4153d2aa00bc55a800bc95eaae7a7
2319,d4b2318663377208afc051b26e05c442a883b7d6
2544,d274b8a87a200be6a88c4bcd48c13e20e6d63677
2593,6c1dee00048e7a391dfaab9c3d36df4a62c4239f
2588,acfa688a658bbe58c05bb97b59c404fe941f9839
2591,27abec586f27295aabdce986947d17bf8ab8153a
2580,4d2be8bce6f8580e5f92cfecbb235aba59970db9
2582,f45e3203f9c3ce72f1ea265680e0efd47b701f9b
2485,d0a0aaf073c28dc26a33e73b360267ef17c219c3
2576,26d005ccb1c92bd6af2873aa8d1b27d038f973cc
2572,a4045eb6bd919f79b17ea9bf778b975e74e777e6
2555,a2dd353b0d73bfb115f31800f4731e3536b19e19
2548,802ada35dd6b1836d5e5b05a5f0ba76ce72cbc4b
2545,85da7cb9d5f921de24c642b6ff55ad3f886fefc7
2500,28ac36700313aecde40522e468d53b9b4de3a984
2509,863ba9a053091d45089a6535e12367421bf6950b
2494,ee85b4b201211a660884560b3665fbb36e20c556
2487,b6cb1680190407c1b8d6bd7344fbe14985b38f03
2489,0acd0c76df1c0acd9146004f605dd48b8d9ec4e4
2484,3ea9c0c8ba343f19ba54525323768f4c648fe2a2
2483,b84e7b946a45ec2e2b8f926e3a498df5eb69eea0
2433,8f63d503012b437c7510d828de75b2d53c5459ba
2446,3df15cbaed5362ae3f2fa438b62bdf41535b603a
2447,c25e2442694b6f42beb92903682000147e0ecfa3
2422,d6812d290e5d4431e1a065212f237ab837b3a765
2411,23e68d13cbf2a6cebd9b27a9d991b40d32f7775d
1950,720a8579133251f9fe5e76aa3678affb195e2b9e
2407,39b88a2357879a1f0a36a68e73da70fd3017c8f1
2417,22802228e1e1be18a41bc1a65dcfe7335a1d7810
2409,65d706d54d9fd0aea5254d2b2f76efa433b1cb75
2410,7e5ce59c6c2727479d445f894f625e2295204154
2412,eb35a358c0b9cd3f45718335f0602335dae0d7df
2415,b674ac9ba68464cfd27d3a4879737f73ac99b442
2338,3680b3fbab71f53d553737f606d67b8ee21d2a68
2338,dfbf03f72ec5c90cf8ea1d7e0161cc37281ed456
2390,b5386ce9d0f84ff0624180edc6aab896ee8cbb4b
2371,a69b5ddcbcab40c4de6b683a4e68feca873fa9e4
2378,b66ca83cae937fdd78a4e1cc84b6e90d61cdb842
2399,b958de7b34c415d1a7c2fc3098f5fbc63745679a
2395,c49d85bb5894bbdb4f86c461dfa4f82b1bf93e7a
2388,9e0747a32fafad35e69b32ce87c10abfc31da2d2
2397,568b1d7b42837f3bf672530ad18cb4ccc6f6182e
2382,3095b06e80ab9ab20a47bc71fcb50fbe83b6940f
2374,f8b79a9b74684b6924a72be4bc4007cf9aaf0abf
2363,3c80e7201bebef7834dd10945d379bbe6edadf02
2364,354e7b3c25a4eb90c066c6a9be5e7e1ba4346f94
2357,3cdb71367356abbff76909b89053d45f0e4858fc
2359,872a8e3f6e2773e9befbbf50058d236287adfc80
2277,560aae6a2c4bc303c74a5025a9f5344059d322cb
2346,30be97f0b0ee051c3ea2864941350b5a879ecdec
2340,eb68a19fbc0ea82c88b6d6c5b2f256fae3c0fcf5
2340,b5ee153efec70bcc06b2eb117206cd3fac82c616
2337,ceca2af674603de1c942f2479f8b6eeb1898b704
2224,f1dd6c7eb94024990f822302e61d07fbc4080953
2224,a588725f6514e8e47b74e249c83e782670f63a67
2332,afea04f22733645f65900a09c8e4ac90cc6b604b
2182,f046543d725d15ea0744286dad9b10440b43922f
2331,efa26faeea8d55c55ab14c3aa43ed4addd29633b
2330,b11d483be89dd5a7688f08cd8af12f72908899ee
2330,c367131e03e90656ccc7d661defb7a3b31e509ee
2326,40e66210b5d196f5f7eca4a48fd0063d6b6454ff
2327,84465a0678fa29360dea313a93158729624846b9
2321,2d7b379bb69f29f9baf63e6dce6d0348969928b0
2317,acf0bbbc987bf843c6d6747725678fda922d7b15
2210,67b5e9cdc6eb8d7d00a2a70d01140c11c7428e46
2315,9b322fea9868eb48e167ae378b6cfc9a55963798
2294,0c76892937c728134ee043ba96c62772380323b0
2295,00eefb99b428759d73095b252fc60c191ace432a
2251,7ba03af547d18b02770b36d25f450c476a83ca6a
2264,ce30557f8a1f427084a70d4b6f47794c3405d7a5
2167,98fd85140cdc9ba10879a5d797c646abe842606e
2114,ac5edc6b363f4f1baf4cc0462067a96b162476ba
2303,7ced41022881aa4796ab4779b98d82b89a022300
2306,6d9c176450b430fc23bb8da4c73142cafe505ad4
2309,6672fc5cd92949dab714dfc69a25a34db51c8ff3
2313,0f10b84a83d0f35249c1b3efc5492785f634f52e
2310,0604a3c71b790d804eda9956bae0851ed149620a
2082,729e203df97e1b228d75ce300d03ee82281d4569
2304,d3266ca300a9585e84aedf93b5448e314cc2edc8
2301,2a4b2e0a9bb60592a4a747e77ccc91fbc593d405
2180,5a74b65d7393c280dad4f8b1730ec4bdfc4c51cb
2294,e3ededf08e75c4335c464eee4b123c3d8c3f38ac
2285,efdeb8ed4f97208fc1a23cfc5088844adf0b7852
2283,eb8b901fadb0ace37316dfa1507aa620848f128f
2288,fb8dba752051a0280f4356eb90eea3f1c8e8ed5b
2281,a7c8c933071aaec70a0137ede5e63d23d28d5255
2280,ba13f107c934b223412ee339a8cc01579577c378
2264,91242006f5601b9bb260371f3c69c1246625b008
2278,3888a423064bebc5bbd5d973dc3ad0087c66b427
2263,5ed3a3e5a7919984d319b34ff669dba5a813f1b4
2277,63ea9e84b6900c3f1cb5feb4524fee3cab7570f7
2263,b7214015a239d0b80604d61d5bb689bb5b4d116d
2259,752546f2a0a8b49d379a36c226e3e7b205573976
2258,0dc2f33272506e2b0e98c982107ecb801cef24cd
2260,51ba2f29c29019256579bf052f843bf409190f89
2262,b27a88821b72b10df005b3073dc039a68a3d4c4d
2267,01bae142762179b1e97abb6e9a0ff9cba4983b1b
2271,1c331c217d48c1186b0cb2d9ccb9b06229c0a6df
2222,fd872b99440b6484a16338400e56a470009325a8
2211,2b1339c633815ec8cbdbaac88244e56fab925d78
2201,15f3fb0669fd18fc95db810be5c8c6245f5e9339
2194,57a242da9e0ef3ebd6e6fcbefcb8d1b5f792c2c6
2196,f9690afba0a58f4b624514660efdbfed6c5ba60b
2192,087c740ce8751b2f95b6cbfb20b992bdf9772347
2193,eff772d104cb6d28e49944dd51835f20db7fb66f
2167,5170a3b9447c629193d01085442beb4e7e3755ce
2169,e1442826796f36496285da907a7a0946d525377a
2183,a117b8b995e091b624b61b49718b9ac8c2569ade
2172,0f823b677f310f697d70df71bb82ab8ecd6d2769
2170,c05f37a46676bdd9260580e5ecf641aeb98bdfb2
2153,295aa9ca2934e98266dd28291b027e5ef42ffdca
2153,d82e37b13bccdbd562d74a1c587a045ccb6b3c47
2145,569c50977a40475db70f9a9f73dd8510ca8ebe4e
2114,fd2ba2a290f32c054889c487a675c892f921f80e
2112,a18d4122c53824033c3e345a09c4fbabbdcf4300
2093,aed92f8c47f239a713056eea8d1002cb24d01389
2119,eb7471eb47b8d93ee9bccac65b9e3bb6a53deda6
2151,b3fa3b946c22d83b6ecd2f740229e9ca79bca3d6
2136,5ab2c95795a8d49725b31f0600baa30812d9b62b
2135,80a1bd929e4a25d6db3a1371f08eaf1e5c1dab12
2129,95363d0085aa674c800a93aa828db81107ec69a0
2129,b90e175aa3c424d6f669b047953b5223a97fb1b8
2131,c04139e70a360552baae8bbc5e1c741b5aae9010
2117,f6863f013b91917b8c4ff45610b7b07b8f14a700
2118,077ce62ab069dc7eb1ee49fa28c7ce1dc669d90e
2116,781c7d5ceb0a20d72c10b7705127ec3f5794b069
2115,4396cee23b22a3bfa0b3d375ca9574a9b943c466
1,920a2f150d951c7aead3943e7471b81aa3fb1a81
2105,97933dd516de98dba7acab97dfa54b73b6a4a49d
2106,9f4bd3fc687885025ed49a2025dc4d172fd66f4c
2096,7393c725c2451d111bb3bec35f8e92ed73d1a8aa
2089,070cc5762d2bd589fb4e8cd0b0dbed335d3890e5
2089,ee5ec033bae774798f73dd1db4e68566799977f4
2088,f26621dcddbbbdd64e70a7b0e8aebf8f80a35efb
2079,434bfe714081fe01daa6a77f4c807d9b3ef9c5db
2082,d1189cefe62fc5a90a67126023d6772a9e7a7a5d
2080,1cfe3c639a1cdc6f7d5b1dce0f4001a5c11948cf
2073,2afe4bc8b694b8655d04d393f49aff2699d1c744
2067,c01c49bfd8ae335e6a3c86ad4c5942a918b4db91
2061,bfec2d8e956525eb0cd3d2f9c650653164ce90dd
2065,29adf584fb53110f42cfc8bc32d200dc7d3e3f49
2063,4fe1145090ad040f705eee612270e95897ec8c03
2060,9256b904db2d0ceb6053323f3868cd08ef4cd1f2
2059,6da6f2281fba58d62d29a81334895f8ee09f9792
2053,a95d2c2e1df48616d5844021cfc576b304b07f80
2055,d395ad917887ca80de409abe91e473827ef1f4c2
2053,dd8a2c4224a356b1387923bc96a9af643248adb7
2057,9bd0b1456d091478113d5a122d50060d8518c968
2056,2f1006f35bb711c5e20ed9bdd8705dbc026fe304
2054,41eb015f4c8fce72ebd824c7b5a8b9c1c0abae98
2055,18677d2ac6cc7f4a5dd0b76a17e2ed22680634d9
2053,86dfa25bf6cb973aa4ca59baa258761d3ac93072
2051,9167fc7cf4a147056b6560260ce4cf5720017f94
2041,cf228c5b34ba650d2c7db39cbb885c569360752f
2037,abad78e4a3b8ecf939fa40fdbd437ebc538be25c
2034,8f44fb09b48e57b9861352d70e2268c1f28be11a
2033,f4d331073426d8a42940045f44e24728be7a50d9
2031,dda15690809514d33bf29452710c5ddc31120bf7
2028,4587054bffd4094cf91a6b668dc744be211c0aef
2027,478d873d8cd2b6bf504a53d204d3aed6b85e25a5
1604,5e459009565e65cc34493a89294a766d8d49830b
1611,cda168e1c2ea2608ce7271127353c40b18f62968
1645,594bb0020fa09d6b8ea236cb9bbbc2b45ac40c9c
1678,47c0082588f5c3f05afc6a4db5cf4d5132880bce
1675,881851976769d07d90918fa0719e5edfce4505b5
1695,595743a362d22e3b04c10950211802c114db47a5
1865,d847599e530d7d170d86f6ad60ffbd9ffc3b894a
1880,ecdf296f61af6945be1841b8d09f8323a589f26d
1891,c2148ceb76858fcea0bf3e093ea74c9152aebca8
1931,98496a2e5d026243580b3d651d4a71dac95f4650
2002,c0f436ea41869c34856ea6d269c450d9c2040844
2019,236e99bf45419a31855bb96fc9685aaf0ee7c3b7
2023,f2e2146adbd9d424e8ee566528929478e9037a7f
2015,80d3e9824186e258b19f637e9aa8d51c4966e979
1994,7a99e4a633312c9f10c33d8d24b17979f6bac5b0
2014,e7dd64c11d0ed9dd859f0d75fc9589935891cda1
2000,b1dadc709df1e15689f75ad917909b0f5db2ac9d
2000,a524882bd87c9e298f270aac22f57c219b252e85
2004,bb5a2d7a6d3d47d66d0f3c829880dfe6eee35419
2007,2d6ea54f95a6ca83f27254d7a33325b9ad7abcd0
2009,1ff5f52b268c6700fea22ce4edfa53cd5928cbf5
1,8cd66ee4c0075e61c66d10321c024a203e40f7a2
2,3e2113684df4f866c13c0d9cc8dbaa037006b35a
1997,ee6e9879bb2469b7aa74beddc9755fcd87d40b77
1987,f006fbecb8f95ac773594d52ff8b59a2709c6a16
1985,3c33e36403f4d00a1e524186ea18d734715d30c4
1982,1344276be615532901a0c9249273685d2ae3c7eb
1979,b54a987cc86f918318b006dd4076b1bbaea8468e
1970,ff9364cf1211cf012a3e331a0d864aba822f0535
1968,98b3263363a0dd9b1fd290040346b0466fe3f185
1941,19501d678d2e9a09e19d471b4e54b541f91e907e
1950,61794c4c19ba489c5885f028eef48832a12ef29e
1903,9d73b9e155f2372ba18987b2fb7239988e00351e
1947,155a801531e7e48e024da2882a03ed22f28fe59b
1945,20acfee9edff6a98e696f75f48a28d912b0a992a
1925,9b3981bfd11506573ad7d58d3b76d21f6aa38969
1868,2735d4d774cc55fcb15dc09a2b2e37b31d209046
1912,ed15dd4d78bb127bf17f38aa9a0e8e1381504726
1870,b6cde0db7bd001449e191b606d167cac5376a697
1894,9699c37d7ede768a127c4c1e65334ed5a1ca92db
1933,e8799e61b1b608f29be5554bc5bc3697dbd12cc3
1943,ac3626617a7077e960a8862c3aff1b0f0dc1810e
1938,a3e607e6eb40ea6a7412fe5c62d4005fbb4c4fc0
1932,2b164c377bf8b0fc245eb244a3ff96b0ea326304
1923,d3a4a1a4893d6131e1e69ebba5eef49c45a03d94
1923,7e7ccc11c5cac219742e355fadb8a893ebe1037e
1923,bc13ef1f43a0256dc38eef0fb05e53b7469177f9
1923,888cdc34f432c22ea7ab95e94f77bb55ed0286f3
1919,75526cb351ec9b7a473a912c2bdf522b2bd824b3
1924,14adb78cb6ee5558969aff4d05439357f12d6b51
1899,866a573e0b2b92a46edba9e5fbec9eb8940976ba
1922,b4479d515cc892c019b468b633fb42d5d9c2b693
1910,97ed996c05380cc817a4d527ebe7d5f79e9d11ec
1905,4b7093dc6a43d107c6032a5f4ae958802d277eda
1898,5a201ce33c2016326e0693d96e5b47c9b7c3a979
1342,2528f3adb51cc7698c9543f2a8d91330428e5351
1855,3fa3d64ac43c51fb5671646344155874e8ee1801
1342,7a241d7da588cb1b3263d1ab59ec85ea153275f3
1853,2d8ded4f0c4b134354b82b0831d4309b55a1c97f
1845,f221fe1b3c64c85e12bf3b059423517e2aa6d88b
1845,92a34b3a5ef78b8d9769e3e59bb319a3bf6d162a
1841,814cb1f024130c048331cec876cfc8d7ddaab99e
1839,1be064e254de0bc63cb98ff1f448e0fa407fe529
1838,2421178f188ff9f9697c60b9c8748fe96796af34
1834,80bf7f3d4c1ab241bc5f964597342affbe51cd4c
1799,cb7bf9a76b4bc7a07849c3cb3fe99a993207853f
1832,d982beed4b4da5125785fb4d2095a05c162cec91
1826,e4eef930227cb7a9a11341c8d99214652afc1409
1813,573c8f4d6d8b9ef9cadf6177b2e4f1c39e31658b
1780,66f3ffcc67ea0cd1fbef680fb6dabdf0f5e8fdc9
1816,31aa93a5682b3f5db9c4f66568094623f0feea5c
1798,0d8e5549e52a3a42e6737e3449be5b0bb13263cc
1715,aaa895afac87e2c5679df0cfb8534db80c9af900
1795,a288d1014bf49f5867a9ed579e72db60a66cba9d
1808,cdcc4ed07c9975f21a8650fb319403b8dc05df57
1759,a31afb10c402a996e2eee28ef4408d66932dd962
1815,f2708bb208a8e4d2139b2c6a9ca71ec632483d8a
1818,dd8f7d2e9be56b7c55c13c8f3251ceccb77c4638
1814,717726baddf7216c833065dd60867d5a8312447a
1796,ca13e8ff5a78c83f953fa8fb320c56be223219e1
1737,ce4b4287eee591d94131a30d37610419d5e434a5
1792,09e755492be9291a92e5491cb2babf1e47f4742f
1791,28e6dc0473ddf2804552091c464f92a7a85dd929
1789,7bf323cd5788ac316b02662caee7b590307fd604
1790,bb1d3e52b30c6fb6d1f1c3dcf9946d82db8d01c5
1786,18f840a29f637c5e14903dbe3c7ba8ea5438f9d6
1785,582ac117b8391fc8a687bbe706a207fb2f2a1ea7
1773,8fa54c904017b6fbe452264a68c44ee2f102786b
1775,e170df70259df343735a5a1abbcaae8342b352f4
1777,1cf5ba50dd83eef7a63bf7c530821ad31f7bfd0c
1764,5e0f409717d12e571a7351937ed4eb55e68b8e19
1758,de4bfb0ae3ae656a175844c518345c4f5563e6de
1758,1356e1616848043c79acf8864e00d7787d57e6a3
1758,2da211287f532dc7ba4bf5c24324d64ace4abd70
1758,fd3da2613d65b6c9140d165c9f281cb86f9cdb97
1746,9448638f5f9018ac7a006a2354578a4e607dba43
1760,08f0d3b4615c81eb16ea01d8f4c712dacf93caee
1755,cad859b6f56802a5251385e90ac5804547effda1
1705,ed57e419c484ef01726ebec93cebde538e45103f
1707,ae1d3701593cafdec238c35b45612eea8bd51504
1717,47ae7d32679994b5eb4b78ac3df9dc4eb8321abd
1715,87e3f8ae253381eb9fc707e65b58f016823cf46b
1658,fde5ab5932044cd48eb1e5f38adc3b8b3b525407
1567,762b2811ac62049fa848eaac0f203e16ef97e4b6
1369,23179b0e5cd33a6758d52425751f0350e94ac5d7
1270,05a4ac1e1fcaed9c76a50c87e0a75e3ce2b67c78
1725,f10921ec8f943ec1fd7f5dda634f7b4c2a6a577e
1727,6c8169b1fb0cfc0d1701ebdf2f8d5ec68076b996
1711,306f9562733bee6e7146e4d0c398f565a7ee679f
1709,2733d93e92d11e2ac70ffcdf5107a6fb1cd50310
1,fc2448d3ef2f35b5fc8c0a546f58a39e15f92918
1688,4e00ace631c06215629f7fdc1fe324502a119530
1689,ef4a419c7fa08eaa76446f60e078e7b709b6081d
1682,85aeca86ec2f3abfc8868b4dc0e963ba203bc920
1684,a0db5a1d90a8c5f8e315bc1bee7a9436d91d079d
1681,7f9023feaef35d9cf23d3402098dfca6a2bb5ae0
1663,a18e8b3a4a095ccb7c02dec0f93510a2bc4a3f27
1651,7322da961ba933bc35e14f2c959f728572988e0f
1655,17fda371b746068753357a55017d400100cc1127
1645,cd8b7dce11adf6546d6fe2d3c45efbec92f96d12
1645,c607356412fd76f06e318878108d0e9f993d51f2
1645,6c147a5667e2303d42c97221f7818d2ea2d2dfc1
1637,aa8cfcf4f8c8a5b3943728ff9bce9c64b976ab3e
1628,381bb5aa31e110f43b66e408614b776233a9e878
1621,0f570fc083f3e72604eace751114419315908456
1601,8a899618a0772b097714579042f58d5c23302b9d
1598,427c16d9556cf233164f9afd67d5f437d59e7921
1576,16ea7700ed83aa1ba40784b9a404f66648315801
1577,1a6ad677d2da86080e2ff0e0def4e700f5e3498d
1591,66e773f5a25af1fdfffe7f5ff0edeb0cf4b3dc75
1592,d9eccdbc45a99d0b0aaa685f56d4da3cb73aa36c
1588,6fbfef62b58f87787a51d670cd0f7824e4ab7cb0
1590,6e59f87c9b7b999f7bffe1c850046eec59d5f39e
1572,65d4f1ff52ffa003736bb05328b51c1b1385a71e
1561,27a551f329e1b551132567934f30d49009e1272e
1556,77bfab01f5c8b140186a67b39e0c6f3c573249a0
1546,42d4ddd11fe14fa18c8fa60aa0dd3d9f182093d6
1539,74b456d659ede341cd3e74b935c18052200f5f1b
1539,e13b24599ab22b2c4eb5297ce47317caf793625b
1539,1d400d9539a62e65c07019cfd1566a8aec34d851
1542,d3a2d087e88178d95accc2464a7fb526c312762a
1536,c344f7cc7a962b451aa5d0dcea265ec2454a9318
1536,d0450a23a432be87b3945d4b613d80fb7124e7eb
1540,e5b92293b2f8fdd2f860917c2c5d4481af4f8b62
1541,0f6f19e2d4a4934a95f4dc7d395e6cf51ce4ecf0
1537,4367c84d310a76323e9f20b54cb98b42f493beb7
1526,b3ca3e74b6e073dfb3b19117fdeae75a81a6a5ea
1486,176d29904373141805229e52d61df37910b97c80
1481,51a9a616dc346aee6f6932f4eef1feeb14ad006e
1504,8b8a3f9e50c0ff1c68034cb326964d45f10b0f3c
1502,12d0f4f784bfecf608b3cc9bfc68aa06684c9f8f
1052,94638ad16faa5aebaf5d0523314ac6eee7940e67
1507,b0c791e00760488d76b0634c84dc3b5a239ef4ec
1484,3b21aba9c1045dd513e09c52b03f8b18f5857793
1488,4a273c6fe4a2e4b4e16f513c374da6fca9ac09ba
1492,df440aa78c0f193397d33a7a65f361369b11e0a1
1493,f41271224151de0e033a604f25e147772da02092
1495,1ee8776eb4b59176017abd4d4d305c7996a373f3
1496,c2ca764d9fdcabc8d04b6b682cd26141b4ea2688
1475,0bde631a32a899294a3d424c00a8d6e695dac28b
1455,0caef089404ea30e787557632d664fca27d902b0
1455,99f0096c723e92140e2a425bc88c1afa44efa3db
1450,f66c08fb51a62fd1306596bbc4ae1794f24b3502
1448,4f612ec2e0a80cec4bacd48af16e99232c754cf7
1439,f982f8579289acf5f01af14694d7a3b23a0e578a
1432,f1eb24a1dee85eb5c5b3471760928d57e79ac89b
1432,e98fba644d8584a5d40a07ec243411d1a1d1942b
1432,a26e4c546def096aa5769023d0666f608abcd912
1426,2e478b186908544a83d9f1faacad0622db20348d
1430,baab4fede52e7c2b40834cd9788212d4c2a7d4ef
1428,5e7746db86884553a2f57c2a71a46bea6ee09352
1433,9d5c25e12ec36a8ae3fa4f2cccfd60fb337a7875
1,6b16e6e1cd09b161ee833e9fb116bdec0ad29657
1391,aa7c29ceeb7470476c6c6c55ed7f0f1320a121c0
1391,5f8ca5937c469f4d756d5264ee161af421a40880
1391,3902b8c30a7af4e20c5d6ebd65e3f1798c4f5cae
1391,26d2087237e677af975231e52d194f0934116831
1391,0a3fbb639ba056c70c43308b5478444797ee75c3
1391,eaeb1e3eacf510ced9bf5a048ea8abd91b36982b
1391,c3681f1d0ec5ca21c9588888d84b02148d8eeb7b
1420,2a64573d5d326313e2cf77dc3e0c18d745cd115f
1416,b6926501e76a5fce878d8ae3a15653139a1c9990
1414,7ab0bd6ebfab4de22f3a756892a18e99b181463a
1396,67e425c1eede74b5d92b07ef0918cc3cb6542007
1400,d66fcf737ea2d757611731275a4fc0c248d1c592
1407,d069606a9eec0f71296d462f1d88236c1890d99f
1403,3a4c54a4251f35c67b40a56e274657da87f30879
1393,a75f68e193bc45b2451d95bd84fcf3bf04651041
1398,89b95992db228b15465c4a66e2d920e4a9bed3ca
1386,e0837d7c24e2450d0d8628360a7b09c79ed2491e
1380,637ce1627e4943166f274ca30409e193433532a1
1,43aeaa7ad5f752bad05b9d7b450cef60cfb53537
1375,103ee3e1a3c446590d0bd61e8e29f1d0d643b7e4
1377,0565f9c1a96fa56f5d8ac688f38ff712a1f64741
1372,831122921b7f3aa81c49305d15504ad9a299be0d
1,2e28c46f62997b79927618ee763ba711719fc90b
1362,694f9a21e4447a5d74d2b551f3308c387b7775b1
1359,b40dda40252e82067f540cd9eb220e8f3d80a301
1363,c852caa6fe540e22b73cfa988e98ee6a0cf76b2a
1344,3a16975af146437f32a8ada64e7c33ee5d3663d7
1356,165eefe9a9528b5e8b9919298963687dc8ec1be8
1349,e75a304fe922dcc8cb4338a12489c261a82018f7
1349,24fce71385183665f3aaea876df00c1f37f17634
1350,80a1f1cac3004fff7b952df7ced311eb28268713
1339,9b5e528007418d74912fcc7d49d46674f7df726f
1333,c6abf24e650f535904c5900b4f0f5c30e86d9c2c
1300,2830b8d50ae07e9b2d201466b921636ca56cf7fd
1300,6a1138f017b422395164fbeeaf8b4515284af34b
1309,454b60938cc6d14c2b26c90723bb71d77632e0be
1328,3c81a2813a7648eb720ad833b04a4429c8234450
1327,9f07744b03c875d3b6cd29db63012f520c9ce58b
1329,e2835fdc6943bcf0a95af8d8f9e23feb81a747d9
1326,11ff35f4aea5e95b670694411574d2438c5e8d54
1314,64e0794dd3592e797328696ece26f2753dce0a45
1321,c3d487b12d49e1da0629a344444a73f2997c3747
1324,aeacdb649a88d78d865af7f3fef38198471ed8c2
1324,9ca288e3d868538bf4403e5409da19a26fcdeaaf
1323,e9334f09e2baed8be847115ce79a3d536dcdd44f
1323,552e090d11c2cbce1633a06f17ab8a01c7c4bd9b
1323,8ec64dcbf569339cb367862902694a65e13d0345
1322,b880695381d608fd32a6bbeba16ea7764ee735f9
1315,c82d751da5768977da5bb6a47333293e8efaadf8
1283,6f30a6c3ed1285876c03553cb40760d535a1e1d6
1306,52003d473f0d49891db19c887be74024b20019cd
1266,fc96c0c424be484b56b369a361603f87b5fd1cdf
1310,521192c39abb51bc704f8ec7fe60fc76ad242a41
1292,7345e67f4a7463e4fed668846688b5b35e8aaef8
1311,eb5c8d708e59d58661f81a2227315ab65419cf59
1307,f27d3595e6adf8353fa355c75e92f526ca442303
1293,29b0c3e4766698b9c7325071d00d43c5cafadbec
1285,4e28685e231cfd9d479306fa8a31a2252581cf2c
1296,6ac06f39a0a0972fee645a92520d519a2294c08a
1294,ee31a42afcbed1341580ebfc1dd648b07d444d39
1305,e69f43e0719ef5ffcd702066ec762ba0753c04ae
1304,404ad9a6abaf4d49ef5320284e33172a5729ad2a
1280,43a367357ab7ae51da174c718e556f42e43f5fa9
1299,b08480b88f4fe8bb52baba99583f9943ef87af0a
1287,ac165adcfffc7d0c58f04fb63c18769d37cd9133
1257,7d8763bcb9444aaf5500405c629b0698b5ca3b18
1261,72852915a32a567c2adf3b991e5ef1d4d2eb0c5f
1259,f8987afaec6e09d6e0e1474c58fdf7c11378096f
1245,4dcc215bc42f433c0cda68763c20bd7d8d8197b1
1251,eb11985876c0ea95fe3961f4b3b8a92e0b041db0
1250,e3d11f03b7fdb67c46e51b4e40a968221deb6485
1244,0d12ea4e1bc0ffa370921e479df76dd77cb1d0af
1240,6e815e3d3ecb2739bd9128c0b34f5c5f4630c2c5
1239,f1d41cbaa773c96d953141463be90d8e914aeec7
1235,191965d1c0f99cca7e4a93b8598fee9fb7864012
1233,2f0fb1e1d74d880acc05c0095e73395c3638889f
1231,2349e71de8414ba12421791cd702447333af58c5
1,51775d653fcd64f0c7dc6b2eb8fdb2c85e02e172
1228,d959f35a94982b70305f44a513afb732853f1f8b
1221,47101a0abceb31da97d547feb896ed55e5a38702
1220,ef907f70264a4c5fdad375259b55eac99328419b
1219,ea329a443a23067d078e39c65e2bdd1fbf800e3e
1217,8b43245de4ece356e2f8bc4130e856f6dd5db1bc
1174,18ce4e0b39f08d64d9a24347102796998bb90820
1216,9f9ccbaf11486f0ad09258fcfaa2172cc1c9b213
1215,33a44029ea7de080bbc3e8dc0c70ed1eb7555123
1214,bdd62e98f963bbe06290803c4e2690fd0c39fd25
1213,a6670bcc3f2d4d0d9c2f88867824dfb2d2fe9e05
1212,fbcee3a23d553af9ea9ae3e5a18a600b031c46c6
1210,c05255beaafee041e88e8acc5c26734b6b9a0bd2
1209,bc679b456b139366751d04ce6084d5dc7058ba2e
1207,d251b5d4bad122d17484a8173f0e42190552d7a8
1206,0f3a3d87c79fef2d702923d858c42e08d51b62c5
1203,c00363f34b072ee8e7feefd848b172f1c0285bad
1199,23c6cd9cbf47d71f5c6ca14201fdcb5a455d7636
1198,2a58d6f1307ce52a4f1712262978699517506e9c
1189,84f42b1070db8ed1058a033dffffaa542aa7aa89
1188,0b810f91bed4bf4ff234c466d29b812061c801ea
1187,290b7370c57b00b99c69a653a33a646f1f169a23
1186,368419e341b10a9733f33c2c6cc5fe122f08f5fd
1185,f869d7051d7415aec2674af5053f1a12be758fb3
1184,c729ddd24c56a53d1dfbac2eb271ed0572dd157f
1183,a30c83b73a2307d354a1a32e4a1991969074c634
1182,fae4969606a4a7d72c235e6eb076f81563c9f96f
1177,3a3f00e638540fb3ce923244dc2d514d7f862973
1181,f814bd061f74bbc6ac44d54690f3459b5b665ad1
1180,6cc6f75d116f58f9683a79e81919f060a7149dcc
1179,aff85c3030332744a51fa65d5612830b9a8684ae
1170,df7517007d5d922ea38e318f38e31ad147539034
1172,f416ddead5e03ac8e05bd7dae2d0bc12a614f5cf
1171,674d1317bb62bed141d8ad75298a098b9ec67f7d
1158,6cf4b3ab8be48486ff3d779cd5ed46d0a7c32225
1157,72557bdf444427b5976baa84ae97662797653926
1156,cc55efd34302dd3f5df55d3889530a777a59f08c
1149,de9607e69f6d85090afc6c92da4e1e29800bb80d
4,d45dbb4d51b060f158541e5cb94d50d8227fc7bf
1148,e499d9b9cf65ef327c151ff0645ce7ebb6657a1e
1146,8c135fad148206eb17349b19b16af451e33a754f
1145,394a4ae143782231c8eeaf4a446cd2d38f6e848f
1144,33cd6decaec09200c1b23440bf87b25403865d08
1143,f05c58afb4c13dabc53d0c87f4c44a4f6b46c7a9
1142,b0a66bbd6bcb0009d7c7c612c543a5fdc309fab8
1141,88adc23af5e29034229393c32878ffc5c4a773c0
1140,64ae27b4552858f87f5486be72bc8f95a289f2ed
1139,82fb6513aba09bdd0ecd18a28334f3e53ec820e2
1138,5aba6a2edc7bf7a05c1b35179a82f4975cc72ce8
1137,3bd912edcc9f910363cc6e2ee8a626e5d4e336d3
1132,d239160fb6136600cdbf025eb5d3b2a29c1d8647
1131,e0a1b49e4b98a378a98936270f0cc308669f1b24
1128,8ab3feba0dad3e8fc656edb920fdc7f8170deea1
1120,09596c44931a44844c3ff058f492c1a35d67d5be
1119,935d4a551d8aa8b8fa3e1dc7ba934331317359df
1118,3c8097baeb95196393139518e21ca638b0489297
1117,bd49f5ad659d8b39d2bed5a3330dbc8103ce1cc8
1116,1df9973773a84e9244c9a4284ecb6d2dd6b6dacf
1115,643d1e6e0c4c9ab63ec88a01f2644502607378e2
1114,5d5ee9e83d24b673de86c74719e3690f9a77aed8
1113,f9adf9e72a5d58b397a7010ef0d4c4bfc558ffdc
1112,33ddba13a7b22493d4aca27ae14736a8548d3358
1111,7d77e911b8d2d39a0e225a14b8dcc7bce533fc42
1110,a14c79465e35a0aa650b09feaa2b6917487e1c81
1109,9b99ab14ecb663c0cd6f3edad73e265638070b6e
1108,0c584752195813f9f602e385f879504398ed1a7b
1106,45db6b4f3a732e739bd444458fd908b1b53df73e
1104,b495a36b22d13f4ab30d34436562ff84be872977
1102,2562b7000cdeefff8fa410b5a2fd3783574aeee4
1098,94a3a65c3deb88dd3ba1b4e33685e70b2609dffe
1097,f716911c23cdeeaa49079d88fcfdc0dec135ee36
1096,a38720b0334c9038d6c3ccb9ceb1f0b3651f82aa
1094,a33ebed801f41cc16fe37ded2bd6340737fcf560
1093,29e2c872d7bf96fd0d3ee9dbfc29b10a3a681e70
1092,d89a666e217166411642c3eb2b2ef9435b8ab1fd
1091,282a59140e68e9906c12307c33316a29e8053d84
1090,2cc78c6d9160e9c3e024f8409da56a4714073ff1
1089,fec66002e50efb318b304f04aae40a99d2e61986
1088,19499f51ee049d31bb5cfc8ce6687c887c087de7
1087,f9d2377b0bc6da0c3ccbd09a8f09c0c586b26a39
1085,74e216dacc3695b08605e85d2ca4eab700bf5285
1079,f5cf92fa76535a39236ba3ede38fbf0ea981910f
1078,3f8f62562306363e58f91f018f841e3a101d4fc1
1077,5b189f7146ffa8ca1bfd1d93cba3081880d95c52
1075,e58bf7b687374eac17ba3ecd1c9071f1c76fdfff
1074,5ab1990a9cac8974bf6af1bd156432b438f3bfdd
1069,692d75efa7f102cd6f4c839e9f89289d99158f20
1073,682c7855480ecabb8e895073c6d0a573ee90b2c6
1072,cdbec1d4f80b033913cb40e1705ff7a97a0b81dd
1071,6cdc9df75435ba869cf4a4d6a5f2d398439a16f1
1070,218e4d8850034fd3b519d2251bc7d67db6b8e0ac
1068,682b78e54f36165cd44ab70572845775cc3d1934
1067,f50d6e55d77c5478b2f8783559008444f59594c6
1065,805271eeea85c151c8adc5e90fb5d017928f9c8f
1063,a5aa1449ea6bd9212a36be1519af8c7a0eb4c06f
1062,6892ebc305726c9d14c595fef2e9091b2a98afa9
1059,ad4403deface9f755152b9ccc291245209dff017
1051,8d1071dad532bee5f596b92bb7ce61f3b7a678ae
1052,4fe489bec3529abb033729c490df45c5c22b3ca1
1050,374c88dec1e19f90023159bde23c6728ffc524fc
1048,c3ba2dac090fbdba7a51ed6f5a5fd8ffbb17b59e
1047,895b466c17dc8c44f544994e26aed967aa5988e3
1040,9d27d0be92ca7322feb42aca8199cea19cba40ff
1037,fb208ecdcb249a35125a6e0f257155ca378a0db4
1036,fc3e3372998850945bfeb5861801fe10459daa38
1030,40f8c919bd481fc898f99034b847a13680d65cbe
1028,e93d6ce5ff6372d9f1d4352a9313a11179322799
1027,24a14997732718a1222297fd3bb9d9a26a08c72f
1026,0ff01b06d03581d4c58b1c3f7f739d26d2c6a18a
1025,33002dfb1feb2875068fe1fea527553c422192bb
1024,1dcb0b0fba403b09566b5c346940b4a5c538fb61
1023,2ddc29e11aa56c279a6c42061d587d6c14e8119d
1009,36497a217f2bf3b6460ae93ccb73724cd12a5920
1004,ee439bed768d694fb20d4603d5bdaf054ba910b9
998,54db3487b099311c2ab1d342e7d833b52cbb4a6b
999,aaf1f28417b5c95115341e60017be2c74a9c3759
1008,42d6e4e648bfe6a8d6388357e1e5dbf62efbde68
990,2571d6e48bf756241d21c8de499c88620ac4131a
984,06d0d4725ee1a79d7a826758073d06bd8db57498
989,0d4e591f680453ae00e47e8c3d2c6b05d7b54062
988,d4149a95a9f09535100cf83478c650132b34bc8c
987,da333d07f55e67a76c9164fd06fbe461143d3602
986,d866a205f115678f6735f3d654efb6c96f88f29a
985,9a957e227342660290183599122c75f825f704aa
976,ca84a3ff952654aa5f188eb660b814bdf466c5ac
975,9a925d49fcc0a726e37df8bbca248aca86a83a9c
3,b2ecc62299b962405efc775c6cc20af8c7790a51
971,b4e987771969e87f8139c68075f231eb45ba4cb7
965,6698ba72a5de176cb0002385f34a0e360fb68139
964,370604fd82446fbe8205c6e063aa4f128febc9e1
949,1150f45f396a99839fc877c958a74fb05e0d7ded
2,44660a589ca6a86f200aaaf7b2a714140485f503
963,7a39d8dff196de0f8611ad1031e512751b694793
962,03c5436d8ce5637ce2de2d55aa303331a957074b
959,31ca63210433c66d1d941bf0b5cf9c9895f15038
958,6ac76acdfe73b3fc10987da67c70c3b75c8cfad1
957,df81c0af904552bb9dc5544a66bab50fe5e27fd5
1,6469d239ebf940927c8fcaba2ee08d88074fe1c2
954,ed3dbe7485e040a5dfec9244e3868b9ba2c76033
956,1bcd5eda861369ecc8cbf01faf6b96b566b05a66
955,d283cd76a66d6601060fd831dec296960740b2a0
947,ec0e19ec52ac9fd44ca4bd0dfe904c9ebea73d02
945,bbcbad629c5ea9c416099e3494248f7dca615c63
943,7a2f364af32f0fac5a82c159358c71f704bd8aee
942,2aff049506a20e7d2c576bb6736c4c3937f0c04e
941,ac2e74da98e942180fdb04f17ce1c9dc7ca63866
930,91edb244f2cb4bf1aa2c792d629753f060ac5a9e
938,9007375ca0683a64b0e44c8e517d63c885c46242
939,17e158759f93bbe83858b759a622a3be553434c5
936,e6a637890a576d96c4f8051f7c24e7f01c5ce9ce
933,0db015cc167056022391df186a89119feea6e5ba
929,183572a9d330810dacabc9c729d8f666a6a67a93
928,db4e4067a99eea0c5d5d1a86044e644384d5173c
926,e7e6578c29f4192707b16c931b60532a6cbbc4b9
925,a98ed1640638b180563194e8ca5c21064c82d8eb
924,24ddf8fc3807bc3d6ec6d1ecf21f43888b593ee1
922,394a6ee9f9f8fd75be070a5d545c7dea0cd6de39
921,ba51efd738500fb0be05e91b4a70b2fe432b8fac
920,1fd1178b7f74a6ad9b8ee2851178f8952c6360f8
918,68e190b2af4b133dbc4430d68325b43df6fa9af6
915,d1726482910e47c6ffe7e973c3829da153661c5d
914,5c3b26fc6a70b29b9e3d38ce18ce0b3c32f04634
913,a3e40a51b34a3755920cec25614fff414bd21780
912,db765fa03a3b9571738c10bba643e2f81e921cca
908,0e7d320768ae0fe26e66355d514b66425702668e
907,490224f1480bf9082273ec09861ee7b41a93d157
902,6f9fea6901c8bdc2929a6b31f034176d9f98df5e
901,5947156f33ae8b3666902eeaedf6f9c6d7b2d12c
900,08b20e3478b777f01a07cfda3b2ccca7ad448608
899,e30001cf2e21230fe3abb150b9814a92e7a8cc1e
898,d9d99c03bb2b95570a9ceb18191c4b1f49e6152f
897,aecd9aeed7f0d636d4581fe4ec933cd5e08778e8
896,682b856f3d5b40286e8dd6d7429f003b1fe1b67e
894,ba2a4ce6d0331924b7e57b12b0c2a0f0cd8ff003
890,8954735ada37be9d84c3186891a8487e05ca1aa8
889,89d53f413791d7fd08373ed706ac03c07f7ceb6a
888,2360080e235de61296d3b979005783c0c998bbf3
885,9ffba522d18d12233975aa1586ef9b556db4a7bb
884,9384963c8aeff69f5ebdf2bac106e7272522d988
872,3934f9bec77e39a1746d9edd347055efc5d74b1f
883,70f80b31496e56d11c4393ac4fc21e46a0cb9bfe
877,dcf1ee4605a76b0446b3392a6559083021eaca47
876,e78c15ca9922efb2f13a59796694f4727c90dd5d
874,b293c97040e466b624d733ad7bd991e64c6cd0df
871,a1ab18bfb4f2ac35ca6832ceba5a67b099f5682f
868,e929908d62e79099814cfbdd72a88c15260ea249
864,dd9cddd90f786099bda37a793ce52a57811db415
863,085122e54f4641ef46758b78af24f9b924f8a406
862,6bd17b1d8a60bf9b4feba22a126ab9bf4adefad1
861,cfd2207febcc5b4fba3ff6cdb15c76ff97410e57
860,6668a15e0403cb8f3cb62d10728856e47595131f
859,b63a4bf3cdf2d326adf17681fdb7adf566ec5778
858,011cbcc5659cf8973bc485b46472bf559457d645
857,cebe8dc374f64c0a3543b5a52529915bff30ccfb
856,745f36832d885807ee89f848d73c695cac0b657c
471,009168b309ad364c90eb929413e414ef2dfeb01d
855,f8992c3f5d79e5d2e85619223b3c75c344394ba2
854,3e60165023d9daf078d4b54d6e9d8b7e35a39208
838,d3feb9374069e6d930a38e5acf07018ff8ac7010
852,f0b1407d446fb3823467c02d4fdde64b82d1865d
848,2451b00417d2e1f9658a94060288566544ea9919
847,7bc0fb3edf90dbba8df71effeb6ed4caefc1b5e8
846,74bcc0ec7bd171c6a7c0e203820da96c66a8252b
845,2da5a04c0a7ac329c8500f5f366dce1d0a851767
844,0bb17d919358f1807a32a99a9e581d3c2e618cca
843,59d9afc59231ddc9acec9d311be65255df2cbd82
842,db187586a08cef19923064c9f88bd1f495919128
841,94588251a2e77044a98661c16a33d08a297d20f0
840,659ff1fbf112fa3be4417167f684b65767553007
839,0b75b0b296b690c094591c8193d41fc2a90c29ad
837,ec0499152d914a11a6256fd76fa00bbd9c1bf162
831,16627aad79e38e13351914f3ead9cadecfe1e250
827,a1153bed35b7bb805f56bfc82a5d913f74d3d0d7
818,bff932b81a3d8c713f7d9f9313fbeab476fdd0af
824,0df45787f0302e68513a260a1211ea62fb655403
815,c30536c061d4629e743871cf940c15730bcd224f
823,9717e17a3cf2a5fc30128bafe19d0f1e15eb4931
822,3d91aedd0a72436bd19991079629656729726b90
821,3546774b0ccef70013ef36071db429e32e58da82
816,10877e971b03b7d021824a68fd04f47ccb09392b
813,1018dbd8454ea7fc7a1bbdd0aab324ffd4ab5284
800,541501cfb447c8278065775c7846b93b0fda16eb
794,a0b30621e267e78ec0843c3a4db3ed237d6744af
789,3b7c0bb72e48a7c0c8b5afe9db5de4870a303f48
793,eaf16d98df69cb2bd9f2e9febf4338415187a104
782,99fbfb364c6e8bb58508fcc1f35d9f09541dc361
792,937b561028a5c6cbc2a849b4540dc742f8d3bf63
769,a6d0d6eae7406f66b826e99e837ab0a3dfba682d
786,f2569d1797644751699068d1fe98ba85e9215ebf
791,b347ec6227db7e610eaeeb6c45f2f25c992eee8a
756,770504cce3f8da4a0dda06d7872218b2c9502a4c
790,715e2cb344fc9483fd7987c8cf902a443b47323e
778,fb7f16956bc1b6acaae480143ef1ce0a6ca3f6fe
787,5d064bc6dba71dee2479af25326af8931a5d1832
784,6622f99b8d2254043e4e741752c6a889b076332b
783,5147c46ade6bf649b43a79f54bd2b5751b4c52e3
771,31246e2cd3356b224e5a5404ec0476f97241235b
777,17a47535f364f73ba4382c503adaca9248d4c1c5
774,d6e846e34b7c59041e4a355293307f145151287a
768,9cf0dfcaef026c2c959a2a08e1441fb6606f1d4e
758,7b9f3d6fdd35e7d505f3170f62191cb73aec567e
767,6fe965e1c823857b4b6b96c2fc02a55efd513ef1
766,64755ac3750938faf0b0c3c919caee4ff887bd9b
760,e454397f20fd0ea0bdcb7d7682f34daaa0094721
765,db682b445f66fd96a74c47118c55b7e860ccc455
764,508d73c31f635d4b9a7c6c7bf68d5c1f07670070
763,3f02fc10295ced69290c2fa61c206ef5e6e79389
759,6d6269df0d3a48dbfc9a8c6c992cc5a0bfdc19b5
753,6c02ffec9d18759d54e00a19131d10a94398d434
752,83d7b718b8568bb9e8c6774e54b08bc38bbadd5f
751,55c781c6fdd18691ddea626a5b77e965a7b1b3b9
750,f4eb71a6cf28323f41a5d73013d18834d20d6ac4
749,8669606e4135d8082b7aef1a650b0d75fb03f34d
746,e808cb84889cbcf6d53d611699aa1b50ffe03f5e
748,6d708ed00ca7aa5f8239fe13ce3d1aba1e7ab94f
744,202644ac43953e91a65f2b3a18abc644921e7a0d
743,4ba87b75d9dc30779275d992b4967c4b87aafe41
742,09f1c1b39d38d92810d99a9bf07b8ec955164c23
741,67c40446a745d3db7aa1041b2c7d6e3c27d7c171
740,018784f289b4994044cee602a698c3e2cea8ade3
739,350848c4ef2e0a37b85d8195c62e8f7cb6d867c5
738,fe93ff25bcb93e633e56979e92821893a109ead5
737,2f1ea77ff635a80252ec6dde4301588e823a3843
736,d05f6350e52d728cba8dcca4aa96e0cadcfec87b
735,ab6e34965a6bd8b92cd1b29e8327d28ba56f7d46
733,e3de9b300fca63e3bcfc141bc07f3ec3248aad0a
732,b282b8181d18ddfd3ba30089e65114696995462f
731,7d94fa4505a6ea45f4b247d8a18d922a726d0f30
730,5ef1124015f7723cf25b57318c1a644ff5c7e843
727,1fd34a92949d5ea5dcb1d842bb34319996e74520
723,66f9d18996df1d0b8299d8affdb99ee123fd5ace
722,dd07cc6b03824323d388e0784e9e9b95d08b5277
720,28726fc883fbc5627eeeea9d040eda6a518075de
719,3f01eb9a41ffc7ff4927716084d8a70c6052a2d2
718,8e67dbccef8be1b0c39970673ff3d5e98dd69803
717,c29d1d946560f05fb23ed1143a5a15fb8e2d1577
716,6ad6ba3f619a62b03c04072591ea2f0c004ae76a
715,81639d54be8a29adb4452bf5b7effa54feee1ee8
714,18caeb1105555a3f0686b424635b30fb32887384
713,0e18da5ff5cd718dde4e7bde2acc09d4f92a7000
712,5ee173345cd07852381f323c1bc86d1f2338f836
711,bc308232d7b7fa208188a4db8cfba16fbef69475
708,e4ca3db2fa987298482e725e2d2f94bd0a33dea5
703,6097d6585d7317c00afaa19118d886dacc01cc2f
702,776f9a8e34b5333ad5965421d3c4bdaa673f23fb
700,a281a5d326ff7d3a1adae7cfac7846ecd6eb185a
699,bd2ccbc02f2b1bda918577bad338a37fa96c190b
698,242577e79bca329f8e5d22973a439468dc007695
696,38d163e6ee0288bff4b086b7d29f4d786d51792f
695,4001559d5f52215c40977c15cb5e0923e966f59c
691,b0dc41a8b8c0afc230945bfa3ea95e51ed28b4a3
690,404c5b03ede69b75e6b26fca74974165004ec8dd
689,ab363f5652837db1e0dcb902b4654fdaf33e8eac
688,3403ba1c5d9fc562f5c38cc02388e7934bd967c1
687,bc037f95e4f32f26fcdeae327ed23675e64d0d03
686,5831a7c54eaff3f39db90eacc596f4e188b6a877
681,1e4b7a0f79b5d436392b85a3b502ad49c65ba1fe
680,471c332001e995646a61de52097e8a39ecaa2659
679,011a4a0e2ca023330f93d87a54c514fd1a078e1b
676,fe77d091619ee1c9e9ef53e5aed4c2db637e724c
675,cbabd20f7c858be60c81592bd614314cf2588ba5
671,754cf0f25a2c3d11c589ebeac55898cccd2d1627
669,c4b5d92a6f18318809de1ee265d2958266631cc9
668,6fe4a1ebeb409009dc2a5ef97d594a9387de4201
667,05ac2715076d196d19fc9a3b93a69396759f69dd
664,3cd645e4c550865f625834f1fe3e9e70a5a4e42c
663,0a661c8c3ea4c7806e17bbbe5c00ff6ea3035c18
662,f500cc0eee0fe6d4fc5b22a8d391a7e2f8d751bd
659,8ed06bf96bcb16cec7c84ad3be0a37ab0cc75203
657,009e307dba63236b2a7a952e8a27bb8c32ec1b64
655,46789377b089c20494e3f0696a0ed2aeeb5e4a85
653,063ca30b4153ca10bdbb60d0cb64856bd97efd70
651,594fb6a3cfa72c6f3ba32fce1b8eaef0c988b2f8
650,be0a59720ace8d1f248631043868d029bbd01fb3
649,cf255418cf17d29bc2aea7246f0a1380181ffbc1
646,b51f0e7a30b4effbc7d77f6041809b0cf023b1b7
645,3719aaf0129016acfc7f036a92a9b90cf42098d7
643,e6eddc52cd384e7900401fd7a4a4c0033b963a0c
642,dab8f1584b64b7b22904c1b0186685f0ef3ad44e
641,b3d373496ad7db4046fb32b9af693a759fcd3d13
640,9a5d4479a54897ffcd7b35d53f92824cbe07cdfd
638,53a900425db80e650a227d8c639a7629c425c207
636,7e0b774ea77cf1df7e82e8c1bc76e532150b91c3
635,ca7872a9d109238aa3127023c676cf0b865a501b
634,3b11f333d104f1417ce59226ba70585673376342
633,4e3c3141d02329a6d6388179c572d588305aff75
632,187474f01ae6b34ff0912fd8e59f99887bf3f851
631,2e03328bcb54eece15f3ba73bfbb02d7a8b7cd09
630,8e53ddceca416a22a099db4f57f79f23af402dbb
625,f4a7774107e39cf74f669b2d16989f28b468bdb1
627,31ddfe45fbd499e3c84a65b609ec319b60ecaee0
624,a0e2ed5511349ac076dee735c2ecc7051ee1e167
622,321a712f4bc6b94a081e03cdb9f58bd3da901922
621,cfca2a7d5ed9f47dbb58fa6ef6cdf267f5fc5067
620,6eef2667c7be893a380007ace791630eac24533b
619,695bf5651387af4fcfda2fdbb4fa2226d9cfc76d
618,3c572f5f5986693cbd54321fea355798e48c6701
617,60a2843abe1f939a18b5f0928f883a22671eb411
615,cd03d20c50402c6f545d6b395f12a483b4d7596c
614,10b56be8b673f2b7a1f516a6729096c8da06179a
613,ff813845743fb03cdb892e60e1894552395bea0f
609,bb64bb652e34c75f71b871b00da51bd6406e014f
608,6c9df6ef2bdaf7f9ed799902e5e428e10d975aff
607,292ec1304f7470edb1735f3e5aa663f88bfd8c42
605,fe3ec1a6ec6553ba95740f59452492b60a31e98c
603,e254b1b36eb99df733b04e16471aabc8abd3e386
601,74e37df61638d0aa6f27c5ad4cf36aa7527876a9
600,df97ea9196dce2124523ad8470e7774a17ea7c9c
595,4327e405eb3185ea10f8e7ffda7cf95b6a941410
597,1ddeece1cd3c024266adb72866c6d0a847275ac8
590,6e2c3be1add45a3cdd31c6a460bc573dbda2dbdb
589,900d28e829d553280c58d4abc8d9df23c892e18b
588,ad465781ea4f593796bd21654d1ff4737ab12266
587,96ffbcc53b98d974016ce7a2acc94fed1e3f57d2
585,ad9340e0c2c2fed12f353ca21cf6dc12a53b034e
583,ab68ae0e0a0e5dc1f847b2622a848ba4c13be972
580,b00c04a8c4d5879f229cf1f4ca7f096593a7abd4
579,2d9423ca74ba7dbe1325dc9839220aebdd30c679
578,4f5abb7d7ead0bd7951ed67100c083be922e0ab8
576,9342048f6f768e47a49b19f709850f21c93a07c0
572,59ee5205252e1ea0110ba056ea1e7568afd54b84
569,293ba6f6fd02e7fc38efe5742067d8456c60c18d
556,e51804b77fc58de1182222c06d931f14ccf48d6c
567,c038aeab51c72c9ea3a379a6bc1e77d3d613c351
566,b8293d4cde32f62630fef92d3818797c1de64cf3
565,c0e283c5baa9297bec1af73268827dc5205c871e
564,76052a498bbe85d780031e518ed68d8fce301a34
563,dd10c0ddbda22977f2afb00f0dbefb26999c02a5
554,271b6824f4c068d0d0c243e0671d0c621ce102ef
558,491826946aa2823f0a7575c5877dc09a112cec78
561,0ff81070513fc295eb13f3e6ad058be22566a2bb
557,2eacefe2f1869e7b5bec72e21495a9bbf5ff74d2
551,7cdc26dc1dac193b6af69935ef134e28f04e4566
550,ac22e881dba2399ff72b2680d35e7fac2426a207
549,9947bab3edb2e83e5a2c8e04b592869c48d642e9
548,1ce631030865adee6e7beb737d2f6b7b6ffe7541
547,ef999c6b4d223ab426a0d51869965211dc803b0a
546,187ba332340aa0e7db1292a15c0d3078513dcc45
544,9c58e9609596cea45a66e9df4b81a2191fa0c229
545,023f580f46aeef6b0d6e5ebe4ef8c1c0d4daf55a
512,1c917c0fc403287419448efb5d5c0c4dbdccd61a
543,bf9a20bf9aac358f5d6bf824e723713f1475b6df
535,4770fce08c8e053b6ff57564c1facfc3d46aff63
533,2a2a46848a45b8dec20ab30fbc50164221bf0ce8
514,b7dfbc0a93d9a7135a1bbb1cc32fd715b2091eae
524,fa46812ffcb2f205c9b2d3fddd642b614354ae69
532,1ecbe31f684334e839cc319c030f07d2a3cf7638
510,4bebaa9d86038ec563febd2f50e7b232544a3ab7
511,616305b4b800c10b02a4385d02120a3218336b3e
509,877f5a22059f2eafcd592ba0bb923c0d20e28f14
508,a120543dccc0aa3e91550876137981ae35920f6f
507,044e00acbd575dd71dd956bd42162e7758de8eac
506,7f687a19ff385ef7b168f75ce00e0b9592524b6f
505,9ed3128f9804522b2fd590cff2c4d232bb64fea4
504,f334005238d6edc03e2141f77e8e1c890de2a0c3
503,39d2526d116b523e37b1457f0e631185951dba7c
500,c5206319e27a725eabd50996d87372bd5b06baad
498,1c890ed836e73a67f6fd14fd0e492bd793d3de6c
497,2aa4da8b56ac25760b1d6e3bdbb76a62be969f0d
496,31b90b8dfdf791dae73caaf4370ff232d89aeecb
495,48b158b804d9371f901f80d394ac0b6049246494
493,c3fae505e5ba6291a4ea01ff37f3bf9c299f07b2
490,29c5bc38490cf925d2ed9d1bbd78ff0efa2d3d5a
489,a6071e6254a4c9055efea4886827878347eb267b
487,2869b8bd38376ad68e5d70a8874ad4507b76e683
485,16b01a9c0b5b643dfd6a1c1c5d75f7222e9a1491
484,4fda0201f731469955d9447ba430f26aa50bb80e
483,92e93b5bb70fb3d004988749f4ebba18bfa52a2f
482,fd3cdc326de50ca541b1d766484a4758034c391c
478,b2015a88c7c96125dacc80fb28c8776624fa78c6
475,24382e74655d0e4221bae796f79bfaff008426cc
470,188ff784b4d91f06033e4625fd3b5dcbc407b254
461,121f684311e0259f178ff98549a1dfd5395bd8e3
460,756d4cef1e32f2ee1928f1b811fe639d754f8a6b
459,e152959ee0c8c2de0ce4023378b203193b869d62
450,a008837b25678c2b741062c9ab6b2d73f977796b
447,d7b350eeaf2acb9bbf7a21c5a32fccbb3fa86a53
444,a4b266d2950d56ff62de9b00d50a58a568231063
437,bcf2cd386f74baff266a2f54e5b0646455d3b514
435,c321e757216dd248692cb4c9e69fb74280bddbf5
433,8e3c353678fa2caea01fac44c33446c2a12368bf
432,3b481f64c205852bc9f881be6f000aaedce834d2
423,eafd4f5dc3bcf4b0d764515631daa85c381059ff
420,21f2d6ed9118200e98082576ddccd9dbe2a2256c
414,0f14cb965b19312ffbac47fd0a83f2efd4f0c36f
419,37aedda1e7d4c367d17cd4c505798413aa7a548c
418,1523965cef1b5fd969a2400fabe2d00a954a34a8
415,e71950844fa8e91dde5b61500da8f8fa18ada5d5
413,61902845e08d703b4b3a1b154240f43d1eae4bca
411,29fb582d5b60139be0b5b1db225bd7026ab4511c
408,478c3c306143491501b485dd641280dd410c1716
405,f88b7014677680598f377aae33d3249781e90e7e
4,801ccfcf27259992973112432f5b813cd661ac38
3,19b63c414d33d261cff8da681a8ec2690e263864
401,0d7ff82c7b52f10dc0ad31565b67c8821892f0fa
2,32b1b453a8484d3d1ad33d0de0c4e86aea04204e
1,225995b9c4075a7b0fde581e55199f550a54bcd9
394,f1930d284e9fe55695c9e5c7919cc1819e603945
391,f11f77aa9f6ee572b447a5fdd352b6be1aa2932d
387,c17e4b57dfe7ae1db3ba038dd484d1e74ea573d2
386,8b30fa40c133393abe83e45745509b7acb72e3e2
385,d2c82c53313736311c10da415528dd307c551d6e
382,dcda68116dc6fe806155619ff97c95003240b5ae
381,71ae21e8c2eb7c46232fda3228e43db6ff67b49a
380,4d468b5a2e1d903d9d7e1ecc34db34d3b3960b50
379,2c9e6863cba090609cfcdf3e4d97ab00fce5b59d
378,0c91b21db3f2717291e124e4dd367feabc475c89
377,adadfa16cba73d34501552855a6e7e8b5b12fa27
375,3cb5d2e0405b5bf55b25bc5cd52aa4d70a8421c7
374,0da4c693d3e1aa3d5506089887ee013964cce0bf
372,9620050194ab823cf1cbb8640ddc4bcc29d13464
369,75c0556a7d8df61e13afd249fb01467aadfdaa60
368,fbddd4ed5ebd890a4aeea111a4ab6a451f5d0338
367,fa6cdc53b859d22659306d51010d636a6cb9e273
366,7e35b65bc87ad36fda37e95a6fd73408130b002c
365,3b4e801a39acc01c34e2508d38fb06bf9a93805a
364,db1fce9651997b48773388d034ebf59e5048cb9f
362,d150de4df8d4902e63738b5a421e8fb4889ed973
359,9d7ace12af5f11cdb7d3c17cd0ab39d226bd281d
358,6a4468f797d7ba176f21aa9ff1a417d32d2da091
354,5571af200d9c6afed8d8e37065cb2a8d65c863ff
356,2fe5f18c8a9c351faa5918156f9275e729d1f21f
355,631b9d32f5154c5be3f63271734587617c31e648
353,a4cc5fe15b0aebc67fa18e8b7b3efdfe63033e50
350,83ff42fd7927b3a656182a2b98aa3397db5cae23
349,a12d72bbb1a262891655250ee7a6a253053485e7
348,b9e03143a7a34f572f4b92e935851b9ffc938f3a
347,19bf88548caad1e8a6f569ad97196bf7bcbb935c
346,d6b6717bf7eebf1b4988acc064a9b134e26c4d55
345,661ce3897fc5688232e4263964f2eedafc84411e
344,78addbe79a23987600f4a72a49ffc37420e03002
342,4d9a95e0a359080fd94f0fd8c9cd40d9fc634361
338,f32c84bc715eae221aa4a5c1d431c5a0a736aede
337,158bf6c252567325f7222194af2a473736b0655a
336,b6844d9752f1dafe60b1eacd437d9298d0d5c3e5
332,562cb82109bc929af4fe60e60aa43266f5d29936
331,7430f5f66cc6490054d48af2457568569bf0082c
328,959ac9dd287cb5eb0fb994b0138cefcf0b93d37e
327,cccebe1cff61381549a2703942eb62a2c493cfe6
326,4109d479c0a1b0d337a146a7d723c16ff81bb73b
325,cf3b3da7fd8f937d71a2be4438fbe1371e473ba0
324,b76081502ee43a671a4ab0ae88025e0b93903a97
323,bf10eb5a83f2fa408477bf62da9b466df51164b8
322,3b7ec6ebbb8ce72c151896572b79622100e848b8
321,099d5fe5c2dd2ff34e5d5bcf3f6be38f30f64baf
320,995b82548135910485530be3f64c88b4ac4ea7b8
319,f7772222a04ec8ccd81aae2c9045bfaee68ebd52
318,b249118f6a984d5e920b72b3daf58077a59ab37c
317,f9fe69cabba4526645dd19da1675883e75aa5826
315,8622f33b754158038d7d7add9a8b858baf4d9fcb
313,00e03d8cb21d7a14f0651e143329088f6c2ae9a8
311,c279586e0cbb607290632865794de57b2d8c70bc
309,f64522530f05c349eb09b1d9b9bf95141cb98406
307,6fd14a9ee6414a082b989365ed5280488d06cf23
305,a6b73fd49a48ee0c9a46dc900ead7813460a1564
302,c845de5638fb6c6d1a7373cb1d980719eb8f82af
301,be4f303ed4ab595ee89ef0eee6e6412aba4590f7
300,461b60877fa0c104fc5d39cd899925b530d64b92
299,745da6a9ff893b630afd659516380e62e92db5e4
298,c7c04ea360a4f6d4030f04d9cea1678f73e3816e
296,fe4c7a13aa027b8b8bc356adf0ae28d0973811ed
5,8f243086aaf3072984746fc8ab1d752eca40663b
295,44d177c54b281b733c460ab94992e60a58544097
4,9944ea7e69ed858c3353e1c106ef328464446d39
293,e6b1426426f94fcd3e5bb32e000c153c3e6457f2
294,810ace602f29619690b84edf164bbc7b02853913
3,290e03b77c441d00f1e7c43889719bc7a1d61a6a
292,11a71bbb8040197d41a242a7d0b6f8204b14478c
2,6e2c38d1029f14d4cabeba1d3e1fefd41f5ec651
289,dba396427aa077da6cfd176bc6c448ab8dca80cb
1,6d9a2565529025a511ec2b995891c742ead8a222
290,b2f205d770a004d8a55d85e768eccf711343c95a
287,7b1175cf8a7c587b8b73a52b63e351fe2c2a43ab
286,fdbb45b52c6a54b03c5d0f6176dd0bbf9062f4e7
284,d59d59d7dbb36afde77b243298a4d918b5cdeb6c
282,f4f38d5290ec62386b60c65f1406fe64b996abff
281,01ea1d8d968afd5ee3b847d29e29c5a1614b771a
280,3af95a06a3f9915a38baadfec36bb4644e9d6dec
278,3aa8fa1e04b1d4617b915a2dede3ae299f94f36b
272,07124f140ddf1bcfa9952f84211b18f1d6dcf347
271,aa2ae81be4b83009aaaa8ccffd099d1ad659b274
270,f9484376adfec7ef1f12a24cb7a5f6af3a2350ca
269,5bb00982915a272c96bc7e66b796d4cbb67729e2
267,47165d292ea3264614edae76916a40a204a84cf2
265,630b076c34b90ff3f552f3601ecc2e0d78990230
264,dd9b3ecfbb95f7b802023e344ecc0c05abf2b563
263,dfb4f7b74a1a481ac00694efea26a0bde7102668
262,9a33b6dda68cd5dd22eeaa70ba0bc7f80b3e2fa7
260,fe4db4dfced94ae8cc549c9dddb6178b42012165
259,382a4ff70397cca214331a684aacb1135ffa413b
258,eb1d65ae44d3b26f525db1f1bfd94e52bbd36588
257,25093b046500a25301382685bb7de30612f372d6
256,c76b04571ec62dc453515405ae1372ba48411733
255,0c15a82f6e3b276594ce70684b2cbba12c55e2e1
254,d615282034e2f1cdc2de7b7b33d7a29817f89730
253,0c24b02deff4fff54c199d05a617be2ad551dca5
252,1fbc260374d7dfb867bb0e92ea3f1f00f1cd4c58
251,b8ea7cb1fe7c953873549dbabcdb88aedab6e7f4
250,9899806c33e49f3afff687f4a5b7e02158a78220
249,87350bb0b33858bd47f904955ff62002091f34e4
248,32e64c1d6de75578c19ade0ab039a7e8738de440
247,0170b3e4dc3c97291c7ecd95d12691ae95a16954
246,91a0f690b2155b2e6f8aa656a9d2187c0216f15f
244,5e7114a600c7b8e059256bda2c423f76efe463d3
243,970f82e42ef40a8a7c2f9e4b8328bb25b952e660
242,8c9fdf8d7e1368b39d5dde4da2d099401c0485d8
241,86a9d632731c4e67d094cf6a9c91bf7576649650
240,0b874964138b10a0ead186e0b7276ae5bd05269b
239,2f4bf101705caca9a6fee210dac792bdf2160f78
238,439d78aa866f9eb18ac2dfbe272a3450f9b60e2c
237,c97a1f0ac706e037fea526b20c70c926ff8389bb
236,ccff0162986bda99eae8796ac39d3a80e1cad732
235,a0ff078e8465869541537988bf4c80993b11b351
234,de35f3f55ce0aacac082766da6e7377d918d6e94
222,589e0c35d2bc9ad7d086b63a39769f3cb73e5747
222,e10f2849d046265bf17360ab4aa9eb60fd3ab8de
233,a4311706ea89e29cda1e53b4c4ee6a2770ae33ad
232,ac9606c7307dfdbb87a22bb221853e1261115a52
231,b398af36cd688798062786a196e8506e32c0220f
230,915686f42e6d43744bc128984d811617bfb90c5c
229,b1437e89390c16531eefecba8e56a4f7b410c3e0
228,ad51428a1d7da303cd7645a74d3651453672e9be
227,d35329918ef42be05beee8c8805e270f8ed86b5a
223,5b13b6b3cfd103f41477d258b6e472fad8691b8b
224,324ea90580d24a77c18957ae764680bc8df2c0f8
220,3ce80f8c62afa269ae4bf06ee42cb97b84d4d6e8
219,39da4ef621c7c38ebd682e776bf617b246d518bc
218,7181551f62acf9638d3a8eb8a55111c61f624b0a
217,1e18aaa071811194eb68c25c2d42844ed2f2aa7b
216,832ec66b76a50fab265b4884f3391d618ed2b269
215,5afb0cbd59cf1c71d04acca1f20bb9d0e735ad67
214,646dfde851d3469dd7c75dba8eec777678b7b2fd
213,661235111be6734f36e86ca9c36313552245a62e
212,fcf33e83081c3792abcaf79634cfa6e8591ad808
211,7073c8e67912d540b383996d71230b964a13fbd9
210,21e768ebb7547c74c8acec254480fdf703518762
209,b6e9699eef5444c02d6e86a01308245b793ce85c
208,ae3fd5e261bfe8224f838a5a50eb2a4a4ecdf9f9
207,8bcb741f2a4bc2cdc8c006c0ac6cac3e47d92532
206,2c07ef700a7424110d4acb2440099a0d657bcfa9
205,3a40aa94e417e15c59697cf737b723ce3dead19d
204,edcbbbab73ba53b9c5b447ff52dc1c4f44a320d8
203,bdf0ea27ce40c050b4de84afbd2ffdd6bf00d87c
202,64bcc1c77ed16527b985e8aa0428039fb80fcd0f
201,e509d796c665f32fd2075547cef30c24175926c4
200,136ec0171b0f54b3311591c06a81cd5a722b6949
199,b2e87a65b7637db4dc807fb37e33d5cdc35eb102
198,0312dd22595f4fae93986862dc1e08784f15e8bd
197,da43cce5b077b5713ade132bffd4222704d9828d
195,d205432029be103fa0c4777ca0f38f3a3365ff68
192,473ac28b3cd471a2f8cf7ed20eac41d8e7aa0ceb
191,94c7ce094dc4de8ae579790458dca4701fffa6fa
190,17f9b5d8d95e38afea021f7912f04759d40ef74d
189,6de349d919735d46771288b8ccf2e8df5b9965fe
188,83975423378dcd332133a59bd721427d10cfcbea
187,95d5fc2bf72b4f99e44cda7b35631235f0eba741
186,4caa29ea02f2203810bf1d9426fa02d1a39156f3
184,7a4175a9cba8016630077adc1b22925cd8b86342
181,29212cd1b2b8473352f37a4060b84be3f21caa76
180,c76ac0256a84f2ee006c2a021fcf0e4ed34ecc67
179,ae0984b6b117a9dd16fa7299d876a5829927dd76
178,4059d9680a09e9c5c40068f2d5540b9a751c5e2f
174,5ec35f5a057762c0e02b504e3c48a08696b47581
173,904a003af04082790941fc20d06c0c3d8cde0457
171,46a38d5e7565c935cd8e88a5f39e06965f0bce56
170,957a178158016298871eaac8572f263da78bb02d
169,d46845561678dbfc23ffedeb0c91d04bae7d4e73
167,30f75125b2c17607be1195377af455e2991b160d
168,9214fd209783f828f0fc372af301565defb91eca
166,37638fed571ee9c741b7768e3a5a3cbc6db337b6
165,6fafa80629264440f1ed89eb49275532ec6f285d
164,dab0253b7eb7cbc6c37b66afb9f0250e014fc1ab
163,efc14764808ec8dc49866d92f6367cd016d66403
162,7de7072d09fea20047bb549afceebe7641d912fb
161,69a751e85c9cf31f05da8e95b47c129abaf604a8
159,745d2e184dbd84295dab335ecf7dc1a097895bf1
158,4729b0d8740fdb2a2aca8b36fd17cae153980ef2
155,da07b18b13779d58715c7c0cd728607dc8ecf8bf
154,54090b5992b8722f3ff0551b84a3af9fdd54ed0e
153,60edee175c589f7acea02b2c999583696fe3d503
149,fd094442ed6e640c632440726b218d914f26a9dc
148,68dc14dab2ec40edb72051662be127a53bfafa36
145,2e08d43cf450a63a7c68c3539310facaeffa4218
140,af4b67e3fcec80fe03171ecf6e6f606591065063
139,eebfc6b14215db0e03a0aff08ee896ed2c8f7eb7
138,8a7d21b0086072a9da53177e3675ae73fe182497
137,f3c0f3d749f6e5f2db3bb92bb75f7e3dc26e0ccc
136,ab61ef339dd4911c07c76a870fbec6b2f8c9c607
135,70d07acbd8c0ca80eaf241527bd59024604aff42
134,f10b040a69602a6a9d3cff81103f6433c895ec86
133,7244c3a1d6d08c2db237bf10588b5ace106df8bf
132,e274009585f0ae03c066b5cf0d7b9cb6d0591bef
131,8641079f57638104d1c1eb660e6b3197d7dfe2b0
130,a5324f4086176f54dccf5df1864bcd1b458a851d
129,88908b5f25a20efb2d548d6501c3f486b1e3f74a
128,93e1d56a70b0e82304ef177b1b220de8534eee3d
127,41b5766199dfa80383b0a16274368ef306e834b4
126,f5fde8f9a6d5331e97265188ad3c1390703b2dda
125,3e92f3cece7bf519cba6ea4c2159562c56b7783c
124,45ece85460da0a9e30b4677a2655987b928c61f6
123,0be7409eab0ce6783a92613d219acf79275daeca
122,e662a3e3d2a12cf504a1a305aa0bdb615609ed0d
121,ab40b030c9b2211d9c797a4ccb7b3e0d730a759e
120,013d21789acceace9adc8a10d97370df5cf0cb8f
119,85108f16c723c3b84ac2bc110eeb994b76e80453
118,2c4989b69627383cabb9847d89dcb2f66e95d6c0
116,faa01c81d5d8ba2c1050f209724fd9a1f8690b80
115,5c92e2b98939d18fbc2ea78d0a7bdcb54e35cdb5
114,57adb194fca18869c7c42d9f8df0a2208b371dcd
113,2a70a8b7265c278277572e744f52b7bb05b7401a
112,71cbd7340033e69e9d8f947fd28f11a1c8fb6cd7
110,c5ee3aa33a8dc06b5237ecd71683027f4aa66f09
109,150b157742ca6200c0b37aee3a3a24df0e13ee3c
108,c196129f803defd431005b90124364d87d71412d
107,172d9211c0df185e8e94036f9b143c8529b028da
106,92f11b712ce9910faf99757849eefe78e99bf9ce
105,80a2da2973e97db09f967a6b49b2f2b580cdba1a
104,c1fdb290e38c2f8d1288047f4ee41f2f862dc930
103,7687f4dd4f9b4738c580f0c7d7b0a98ba8380892
102,0500ba0f0cb367a3c8a55d2a03308bca58d83e58
101,6583c219f07b61d45e54f28a820e651a8a1bcc2b
100,7397b1febc5bb1b6114941ce2359960987104388
99,1341ddea35c37513672d9674fb7d27de0f15715b
98,22dda86b3dd24305fd3d2c5d9555cfe4f620694a
97,06d54fd7dcbf9a9fd066fdc296d3f84fb2038033
96,5288c7f31910167f83d9f8cbb955f9180043b83a
94,4226a74a5cc0b08bea9f821add6fe9740b031680
93,bf89715125c9537e93d0cac77d451d82b96d4ef3
92,f029b3aabb56fa9ee90de66c9262ae0b7c86eee1
91,4e872f616e5333edbe5003d008a1292339cbfef3
90,0f8be755c8656b78d1283c8cbd816e8d0735ef7e
89,5eb6db7a8483d9619071ce91643d3aa76b59ec3c
87,bf62c205c5d4a60d23de402c66e92efaaf32c9eb
86,f172f0a756fc300f6958ed3df3e494ca6aaa75e9
84,6b3151975a593d88d6ced60d2f532fec1a73288a
83,1ed493dee4dd1b16480b0537c435e32d4e65fd45
82,747af77d41418e8ce820813f6788a27c344b9418
81,34a4845156ee79c642264c64de32139ece303fae
80,4b2966abe122c99817a66d1987c7fc318ac7241a
79,edf4a9ad2233e3854825a5998c067ca051006df6
78,4f09fa90702665c2a8be77bcd32be8f9bfe12ef2
77,50c576aff578188bc3cdae47e49affd533169247
76,4ea47bb449fce5322945b0b57c963db19e80d3cf
75,47eff6d2eda7d5333fb556efac0bacf3713d8861
74,6c5b4710fd11a715d7b8ea880d0eb2223b9f0cda
73,954da816a5333033d3047c055614812b7b7d12e9
72,e19f4b2dcb0bf561e04fca56f4041b22bcc59b6b
71,af5416f326da27fc547b01a3182eef2b80fd007b
69,8b4bfb9bea1bbe3bd98e8a0155792190ab694cdd
70,33b54dd66382c343c213a398050af61a6473d4aa
68,39e5fd0c3297a226856801004670f4dbef0fc245
67,293c8d6d699c122118b73a064b9445caa15dc6f0
66,2f7d492d728b55e90ff1850a6b4a4fa4a40b3321
65,18a9ba5b18379f6c0c29e3a1706f8aa0a459fac7
62,f4e6a05064f25c39445d19ff32676709204bef03
64,f781f9bfc533e4be3b05d671ed240df6e675e712
63,d330647ffc12202b9190fb164e5f08a33524921a
61,6d650b3f4551fc08d903acbec1e8f710431793f3
60,77ffdc57deb7aac963898c19c75f8ee2ed9b0528
59,cfeac1dc98bbed0370e68f9eed37837e37da153e
58,a67fc2b61592e64dc744d8531333808ef91024f4
57,cf5abd9268abea4c2b59a424a512ef1653851718
56,e34d19cafdd71ac7215a67e3c72bd7749945a952
55,68b0603e1412cf707823963cf59049c81cd03c40
54,1ad023daf60f28a75c44eb3d222cb813302d8545
52,b349d8890898f734e6b29445154f8a1d7037d903
51,a39c938371a31ae3c1ddc0a910971f88dbc46a3c
50,8e0dafb7a157f7fb280caee589760b01c4120850
49,92f272148549c91bdd42368781138bcf345e7ab3
48,c42ad53087ef454d58763318780192dda70d5fdd
47,13049c6e095b8f95f172442622f6372b9540ecdf
46,ccc54a413a21e9b3b46cfa5d963e001521773392
45,98c25cdbee82c6c17018a9bd17cb24b508983c03
44,ecd788c9b897a81561237da4d57b5202ec0dfb9a
43,eeb5aa426e96fdb0832f718de4f015b724f6b5e5
42,dbb3a889dc9b62ec6a85700e45ec084282dde03d
41,3c11385cfde976ca057fde776b3eb74bc30d675d
40,97dd012df40da875febea3313b60df3238748161
39,0ea966def3c8fef97648e7f70836613ee434f131
37,0b6d98352e9d20c697c20051c7c8987f5cbba3d5
38,fc83d7270be9b944fc4eacbc3ca07c8d8e48c660
36,ba6a699c20553db7350a1afc02160b42b355ac33
35,6dfe7e1d1a0afec6ab9feed1a5bd38d4ee9cf01c
34,e4e488b03e2019b34b9da85c235f44f78e0b87c3
33,cd3a55a205df34bfdb88d883116cd98ac92b9071
32,56eef451ae288239c83053c884cdcecd8dee788c
31,f075169ccb0723e2d82bb469c089e12b5da1b7f6
30,bdae0bcc16d03b8773eb5a9a77556b4f0df7d04c
29,f034c8b95a169b3c81f48f52061f64647409722a
28,651fd4af5b1eaeb9ab485bfff7d7112470a03df6
27,e5371bef0a22bc5f8029532249d105ed77f7e3b8
25,ab46df7c87b59183ed786f6b299d0d2a089e0133
23,25a5f359b184db8fe4edc1cd185e55c5b99abe39
21,d9a54d1d7becf9978a60bacd8e950d23b106c054
20,7e08dff8016a01c8c9314325dad3da09662c2363
19,569c33efb2a40dd8b2a42d8f400917224c50e179
18,f406e56649f98c0c160375a3a2239a4836ac60f5
17,78459d3cd381ecfc6f0527c760676c171c849fb1
16,a5bb190e9b25cdc17e67eb0a8ad8ccacea40b93c
15,0a983d015f79875a8b7abf62357c97cf62efe61c
14,98d8e8a4bc072b158ac3de81a6f0c8cc69421441
13,8de4745a960e726e0c5bb9fd33bcae55382bb7c3
12,0e13740969bf4ee4ff35e0fd0a90c6119e524fd3
4,89ec24f83ac55a449f703489690945dd84989c7c
2,9a9aa1625c5beb902e34c8fa6248e0e0b9034102
1,615b180aa4739f3daa62162dfa5da4769f60ae0b
